date,price,market_cap,total_volume
2016-09-09,0.551224,0,1167
2016-09-10,0.393374,0,993
2016-09-11,0.372946,0,868
2016-09-12,0.374066,0,1117
2016-09-13,0.309659,0,3337
2016-09-14,0.325139,0,4129
2016-09-15,0.349866,0,1981
2016-09-16,0.388862,0,14574
2016-09-17,0.426497,0,18642
2016-09-18,0.384918,0,108108
2016-09-19,0.331336,0,1448
2016-09-20,0.312629,0,1171
2016-09-21,0.303689,0,155
2016-09-22,0.252723,0,53739
2016-09-23,0.260855,0,16816
2016-09-24,0.217381,0,21603
2016-09-25,0.196485,0,3428
2016-09-26,0.195832,0,9393
2016-09-27,0.197913,0,20029
2016-09-28,0.20229,0,5257
2016-09-29,0.191735,0,12262
2016-09-30,0.184933,0,2031
2016-10-01,0.202733,0,2561
2016-10-02,0.17727,0,4363
2016-10-03,0.178713,0,913
2016-10-04,0.185843,0,505
2016-10-05,0.183689,0,945
2016-10-06,0.271189,0,2367
2016-10-07,0.202375,0,6829
2016-10-08,0.195028,0,31944
2016-10-09,0.186542,0,30055
2016-10-10,0.182602,0,11088
2016-10-11,0.193575,0,6064
2016-10-12,0.186052,0,12201
2016-10-13,0.185407,0,1317
2016-10-14,0.191014,0,2334
2016-10-15,0.179885,0,595
2016-10-16,0.178368,0,15983
2016-10-17,0.192747,0,13020
2016-10-18,0.188178,0,395274
2016-10-19,0.118746,0,238487
2016-10-20,0.0901366,0,287365
2016-10-21,0.0783494,0,270698
2016-10-22,0.0809512,0,283072
2016-10-23,0.0841701,0,111722
2016-10-24,0.0947341,0,520953
2016-10-25,0.289546,14477300,528
2016-10-26,0.122589,6129450.0,607036.0
2016-10-27,0.127284,6364200.0,173572.0
2016-10-28,0.15023600000000004,7511800.000000002,400657.0
2016-10-29,0.167742,8387100.0,711668.0
2016-10-30,0.176795,8839750.0,385320.0
2016-10-31,0.217742,10887100.0,895439.0
2016-11-01,0.21534700000000004,10767350.000000002,413592.0
2016-11-02,0.191735,9586750.0,244860.0
2016-11-03,0.166223,8311150.0,265098.0
2016-11-04,0.177286,8864300.0,124159.0
2016-11-05,0.166799,8339950.0,165444.0
2016-11-06,0.163996,8199800.0,52726.0
2016-11-07,0.169278,8463900.0,259651.0
2016-11-08,0.161604,8080200.0,64894.0
2016-11-09,0.159842,7992100.0,53348.0
2016-11-10,0.168267,8413350.0,226910.0
2016-11-11,0.177127,8856350.0,91788.0
2016-11-12,0.168647,8432350.0,38885.0
2016-11-13,0.17103199999999996,8551599.999999998,46854.0
2016-11-14,0.184795,9239750.0,161387.0
2016-11-15,0.173897,8694850.0,56832.0
2016-11-16,0.168997,8449850.0,50670.0
2016-11-17,0.172803,8640150.0,117177.0
2016-11-18,0.172176,8608800.0,169360.0
2016-11-19,0.169929,8496450.0,20977.0
2016-11-20,0.170975,8548750.0,6887.0
2016-11-21,0.17489,8744500.0,13744.0
2016-11-22,0.167856,8392800.0,29939.0
2016-11-23,0.167078,8353900.0,19206.0
2016-11-24,0.172464,8623200.0,249957.0
2016-11-25,0.17451,8725500.0,148805.0
2016-11-26,0.17413600000000004,8706800.000000002,53454.0
2016-11-27,0.17302400000000004,8651200.000000002,34280.0
2016-11-28,0.16799200000000003,8399600.0,93203.0
2016-11-29,0.149957,7497850.0,121972.0
2016-11-30,0.144798,7239900.000000001,63298.0
2016-12-01,0.140101,7005050.0,62906.0
2016-12-02,0.141932,7096600.0,73164.0
2016-12-03,0.14244,7122000.0,121384.0
2016-12-04,0.147167,7358350.0,109601.0
2016-12-05,0.14147,7073500.000000001,71662.0
2016-12-06,0.13716,6858000.0,53500.0
2016-12-07,0.13746,6873000.0,52027.0
2016-12-08,0.136314,6815700.0,18906.0
2016-12-09,0.130126,6506300.0,66908.0
2016-12-10,0.124822,6241100.0,36087.0
2016-12-11,0.12338699999999997,6169349.999999998,36098.0
2016-12-12,0.130238,6511899.999999999,63554.0
2016-12-13,0.125627,6281350.0,31000.0
2016-12-14,0.120998,6049900.0,51023.0
2016-12-15,0.109834,5491700.0,38085.0
2016-12-16,0.114431,5721550.0,49515.0
2016-12-17,0.11028,5514000.0,62629.0
2016-12-18,0.11547300000000003,5773650.000000002,37480.0
2016-12-19,0.12151099999999998,6075549.999999999,55536.0
2016-12-20,0.120871,6043550.0,73917.0
2016-12-21,0.16504,8252000.0,617185.0
2016-12-22,0.156504,7825200.0,562047.0
2016-12-23,0.137581,6879050.0,187152.0
2016-12-24,0.146916,7345800.0,133535.0
2016-12-25,0.148222,7411100.0,238725.0
2016-12-26,0.166598,8329900.0,580344.0
2016-12-27,0.160812,8040600.0,265267.0
2016-12-28,0.150689,7534450.0,118045.0
2016-12-29,0.143583,7179149.999999999,97819.0
2016-12-30,0.147528,7376400.0,70629.0
2016-12-31,0.144763,7238150.0,60611.0
2017-01-01,0.141841,7092050.0,63901.0
2017-01-02,0.144258,7212900.0,73802.0
2017-01-03,0.140416,7020800.0,92459.0
2017-01-04,0.134864,6743200.000000001,92799.0
2017-01-05,0.131557,6577850.0,207552.0
2017-01-06,0.13536200000000004,6768100.000000001,55576.0
2017-01-07,0.131055,6552750.0,53797.0
2017-01-08,0.132646,6632300.0,67666.0
2017-01-09,0.123581,6179050.0,90561.0
2017-01-10,0.13387,6693500.0,126882.0
2017-01-11,0.115458,5772900.0,119385.0
2017-01-12,0.123142,6157100.0,60776.0
2017-01-13,0.121326,6066300.0,50380.0
2017-01-14,0.123049,6152450.0,9270.0
2017-01-15,0.12370399999999998,6185199.999999999,6952.0
2017-01-16,0.119563,5978150.0,5108.0
2017-01-17,0.11679799999999999,5839899.999999999,7971.0
2017-01-18,0.122891,6144550.0,7448.0
2017-01-19,0.116485,5824250.0,14967.0
2017-01-20,0.12415,6207500.0,16470.0
2017-01-21,0.12067,6033500.0,15685.0
2017-01-22,0.113929,5696450.0,6463.0
2017-01-23,0.119837,5991850.0,7141.0
2017-01-24,0.120736,6036800.0,6573.0
2017-01-25,0.12414500000000002,6207250.000000001,7024.0
2017-01-26,0.131145,6557250.000000001,7689.0
2017-01-27,0.13034899999999996,6517449.999999998,9245.0
2017-01-28,0.134672,6733599.999999999,7066.0
2017-01-29,0.140272,7013600.0,10259.0
2017-01-30,0.149629,7481450.0,10592.0
2017-01-31,0.147106,7355300.0,17819.0
2017-02-01,0.147117,7355850.0,4493.0
2017-02-02,0.147078,7353900.0,2857.0
2017-02-03,0.134154,6707700.0,9812.0
2017-02-04,0.13691999999999996,6845999.999999998,9600.0
2017-02-05,0.131871,6593550.0,3351.0
2017-02-06,0.133904,6695200.0,10234.0
2017-02-07,0.129439,6471950.0,8535.0
2017-02-08,0.129609,6480450.0,8271.0
2017-02-09,0.126667,6333350.0,10799.0
2017-02-10,0.125803,6290150.0,2606.0
2017-02-11,0.125465,6273250.0,593.0
2017-02-12,0.121633,6081650.0,3481.0
2017-02-13,0.118258,5912900.0,6976.0
2017-02-14,0.116605,5830250.0,6789.0
2017-02-15,0.112747,5637350.0,5691.0
2017-02-16,0.125973,6298650.0,10300.0
2017-02-17,0.123068,6153400.0,28858.0
2017-02-18,0.123629,6181450.0,13456.0
2017-02-19,0.122935,6146750.0,4324.0
2017-02-20,0.11943,5971500.0,7121.0
2017-02-21,0.11943,5971500.0,7121.0
2017-02-22,0.11943,5971500.0,7121.0
2017-02-23,0.11943,5971500.0,7121.0
2017-02-24,0.121336,6066800.0,17363.0
2017-02-25,0.11262,5631000.0,9354.0
2017-02-26,0.115004,5750200.0,8436.0
2017-02-27,0.115317,5765850.0,8956.0
2017-02-28,0.117427,5871350.0,19657.0
2017-03-01,0.130143,6507150.0,12878.0
2017-03-02,0.11934899999999997,5967449.999999999,8991.0
2017-03-03,0.124907,6245350.0,9315.0
2017-03-04,0.12001299999999998,6000649.999999999,6419.0
2017-03-05,0.121684,6084200.0,4189.0
2017-03-06,0.123497,6174850.0,10459.0
2017-03-07,0.122524,6126200.0,8325.0
2017-03-08,0.116329,5816450.0,5691.0
2017-03-09,0.131859,6592950.0,20580.0
2017-03-10,0.130382,6519100.0,34028.0
2017-03-11,0.139686,6984300.0,31546.0
2017-03-12,0.135622,6781100.0,37191.0
2017-03-13,0.137003,6850150.0,23095.0
2017-03-14,0.133776,6688800.0,24166.0
2017-03-15,0.129439,6471950.0,16162.0
2017-03-16,0.129652,6482600.0,21130.0
2017-03-17,0.14156399999999997,7078199.999999999,63917.0
2017-03-18,0.157962,7898100.0,186539.0
2017-03-19,0.154707,7735350.0,66172.0
2017-03-20,0.15382,7691000.0,68722.0
2017-03-21,0.166262,8313100.0,228998.0
2017-03-22,0.174404,8720200.0,164899.0
2017-03-23,0.16628100000000004,8314050.000000002,38272.0
2017-03-24,0.16493800000000003,8246900.000000002,49086.0
2017-03-25,0.167236,8361800.0,50652.0
2017-03-26,0.161543,8077150.0,37147.0
2017-03-27,0.185651,9282550.0,199571.0
2017-03-28,0.220506,11025300.0,823652.0
2017-03-29,0.212432,10621600.0,340105.0
2017-03-30,0.213922,10696100.0,515812.0
2017-03-31,0.201089,10054450.0,290952.0
2017-04-01,0.204897,10244850.0,111619.0
2017-04-02,0.201662,10083100.0,97057.0
2017-04-03,0.197115,9855750.0,108085.0
2017-04-04,0.18465,9232500.0,148431.0
2017-04-05,0.184536,9226800.0,101928.0
2017-04-06,0.186463,9323150.0,82520.0
2017-04-07,0.18874,9437000.0,81880.0
2017-04-08,0.18980499999999997,9490249.999999998,53192.0
2017-04-09,0.188836,9441800.0,59128.0
2017-04-10,0.208143,10407150.0,208802.0
2017-04-11,0.197539,9876950.0,257515.0
2017-04-12,0.194359,9717950.0,187231.0
2017-04-13,0.192232,9611600.0,151011.0
2017-04-14,0.192458,9622900.0,103044.0
2017-04-15,0.191244,9562200.0,76138.0
2017-04-16,0.194078,9703900.0,168308.0
2017-04-17,0.191316,9565800.0,331044.0
2017-04-18,0.179105,8955250.0,345240.0
2017-04-19,0.190688,9534400.0,300129.0
2017-04-20,0.184613,9230650.0,220244.0
2017-04-21,0.178917,8945850.0,267460.0
2017-04-22,0.182173,9108650.0,278318.0
2017-04-23,0.174703,8735150.0,183250.0
2017-04-24,0.175159,8757950.0,259271.0
2017-04-25,0.183732,9186600.0,245492.0
2017-04-26,0.185439,9271950.0,184449.0
2017-04-27,0.20162,10081000.0,331091.0
2017-04-28,0.223996,11199800.0,452359.0
2017-04-29,0.272533,13626650.0,952493.0
2017-04-30,0.361373,18068650.0,1629200.0
2017-05-01,0.302847,15142350.0,1125690.0
2017-05-02,0.314627,15731350.0,602357.0
2017-05-03,0.344894,17244700.0,758493.0
2017-05-04,0.489386,24469300.0,2227900.0
2017-05-05,0.570246,28512300.0,2594420.0
2017-05-06,0.579221,28961050.0,1350990.0
2017-05-07,0.534678,26733900.0,1238660.0
2017-05-08,0.507979,25398950.0,1066480.0
2017-05-09,0.456966,22848300.0,1089840.0
2017-05-10,0.506142,25307100.0,845339.0
2017-05-11,0.480926,24046300.0,959467.0
2017-05-12,0.498692,24934600.0,559143.0
2017-05-13,0.481231,24061550.0,616121.0
2017-05-14,0.477992,23899600.0,495161.0
2017-05-15,0.464908,23245400.0,904824.0
2017-05-16,0.463226,23161300.0,637082.0
2017-05-17,0.525213,26260650.0,1300450.0
2017-05-18,0.535071,26753550.0,1215290.0
2017-05-19,0.650833,32541650.0,1880750.0
2017-05-20,0.661115,33055750.0,1485960.0
2017-05-21,0.687516,34375800.0,2645830.0
2017-05-22,0.698547,34927350.0,2376710.0
2017-05-23,0.777625,38881250.0,3196320.0
2017-05-24,1.66,83000000.0,20931600.0
2017-05-25,1.05,52500000.0,12293500.0
2017-05-26,0.819101,40955050.0,6928580.0
2017-05-27,0.977827,48891350.0,6972780.0
2017-05-28,0.931363,46568150.0,5230700.0
2017-05-29,0.969138,48456900.0,2163760.0
2017-05-30,1.02,51000000.0,5348710.0
2017-05-31,1.02,51000000.0,3034130.0
2017-06-01,1.24,62000000.0,8044300.0
2017-06-02,1.35,67500000.0,7088420.0
2017-06-03,1.24,62000000.0,4075530.0
2017-06-04,1.26,63000000.0,2602270.0
2017-06-05,1.28,64000000.0,3872900.0
2017-06-06,1.33,66500000.0,5212450.0
2017-06-07,1.3,65000000.0,3031870.0
2017-06-08,1.33,66500000.0,6912000.0
2017-06-09,1.51,75500000.0,9514880.0
2017-06-10,1.7,85000000.0,17527000.0
2017-06-11,1.68,84000000.0,6594890.0
2017-06-12,1.5,75000000.0,7468880.0
2017-06-13,1.81,90500000.0,10543500.0
2017-06-14,1.74,87000000.0,10458100.0
2017-06-15,1.76,88000000.0,9432130.0
2017-06-16,2.77,138500000.0,45290500.0
2017-06-17,3.79,189500000.0,83864100.0
2017-06-18,5.18,259000000.0,59877100.0
2017-06-19,11.58,579000000.0,276662000.0
2017-06-20,7.99,399500000.0,128465000.0
2017-06-21,10.16,508000000.0,88377000.0
2017-06-22,6.9,345000000.0,115029000.0
2017-06-23,6.95,347500000.0,67484700.0
2017-06-24,6.28,314000000.0,33964100.0
2017-06-25,5.99,299500000.0,25125900.0
2017-06-26,5.53,276500000.0,27615900.0
2017-06-27,6.93,346500000.0,71670000.0
2017-06-28,8.41,420500000.0,73677500.0
2017-06-29,9.74,487000000.0,75207200.0
2017-06-30,8.6,430000000.0,42958500.0
2017-07-01,7.92,396000000.0,33239600.0
2017-07-02,8.23,411500000.0,47792800.0
2017-07-03,8.24,412000000.0,28934100.0
2017-07-04,7.83,391500000.0,15830700.0
2017-07-05,8.05,402500000.0,29452900.0
2017-07-06,7.88,394000000.0,17988400.0
2017-07-07,6.85,342500000.0,16615300.0
2017-07-08,7.58,379000000.0,24100800.0
2017-07-09,6.9,345000000.0,10649100.0
2017-07-10,5.85,292500000.0,11156400.0
2017-07-11,5.52,276000000.0,20840100.0
2017-07-12,6.53,326500000.0,22951000.0
2017-07-13,6.31,315500000.0,18036600.0
2017-07-14,5.58,279000000.0,12421000.0
2017-07-15,5.1,255000000.0,11352600.0
2017-07-16,5.02,251000000.0,9525820.0
2017-07-17,5.71,285500000.0,14675800.0
2017-07-18,6.01,300500000.0,18163400.0
2017-07-19,5.87,293500000.0,14246500.0
2017-07-20,7.21,360500000.0,25199100.0
2017-07-21,7.4,370000000.0,21411300.0
2017-07-22,8.73,436500000.0,32910500.0
2017-07-23,8.57,428500000.0,29776200.0
2017-07-24,8.41,420500000.0,21354600.0
2017-07-25,7.28,364000000.0,19379500.0
2017-07-26,7.18,359000000.0,16748100.0
2017-07-27,7.82,391000000.0,15239100.0
2017-07-28,7.11,355500000.0,15895400.0
2017-07-29,7.29,364500000.0,10490600.0
2017-07-30,7.14,357000000.0,8986080.0
2017-07-31,7.28,364000000.0,10833100.0
2017-08-01,7.9,395000000.0,18473800.0
2017-08-02,8.11,405500000.0,17551000.0
2017-08-03,10.68,534000000.0,49650100.0
2017-08-04,10.4,520000000.0,56942300.0
2017-08-05,13.9,695000000.0,81928100.0
2017-08-06,15.41,770500000.0,81282200.0
2017-08-07,15.62,781000000.0,80734600.0
2017-08-11,33.868638407163466,1693431920.3581734,234528306.46279967
2017-08-12,37.07191056297996,1853595528.1489978,112650912.09759426
2017-08-13,47.16142798659399,2358071399.3296995,252785757.45958278
2017-08-14,47.01439558702303,2350719779.3511515,153870592.38923755
2017-08-15,47.904013867651244,2395200693.382562,154296885.25465092
2017-08-16,44.39462177272423,2219731088.6362114,84204490.76715565
2017-08-17,44.25656633612816,2212828316.806408,83564252.30780317
2017-08-18,39.38873857847071,1969436928.9235353,120575051.49681164
2017-08-19,39.574501084529274,1978725054.2264636,81035628.45047191
2017-08-20,37.63977178929713,1881988589.4648564,32617777.669481356
2017-08-21,34.808678699390676,1740433934.969534,41085194.253910124
2017-08-22,35.46643856995313,1773321928.4976566,28656058.985748187
2017-08-23,39.7163094242627,1985815471.2131348,67914011.96685062
2017-08-24,40.83957330867186,2041978665.4335928,29600934.164231427
2017-08-25,38.78480629873538,1939240314.9367692,22372522.16093535
2017-08-26,36.297198207215736,1814859910.3607867,21801275.210925594
2017-08-27,38.1678640630043,1908393203.150215,28205684.638130467
2017-08-28,37.13471259003956,1856735629.5019784,23434050.38614101
2017-08-29,32.08760958375768,1604380479.1878839,107180197.97356214
2017-08-30,33.24798042334319,1662399021.1671598,57096372.75561397
2017-08-31,33.103962448584234,1655198122.4292116,29265330.94631599
2017-09-01,31.862805168691374,1593140258.4345686,46252004.600838475
2017-09-02,30.763899602189735,1538194980.1094868,49637713.395337366
2017-09-03,30.957924736066015,1547896236.8033006,21438821.74548991
2017-09-04,23.023138342007186,1151156917.1003594,143111765.9870427
2017-09-05,23.67494630066318,1183747315.033159,53125834.747208156
2017-09-06,21.515455763107898,1075772788.1553948,46065917.65017842
2017-09-07,30.84261603118079,1542130801.5590394,147713351.44067994
2017-09-08,25.7538122893771,1287690614.4688551,62762561.548150145
2017-09-09,22.05038174694008,1102519087.347004,27750776.189361688
2017-09-10,23.210248634454526,1160512431.7227263,33049089.071166214
2017-09-11,21.67253615470975,1083626807.7354875,18176785.11103976
2017-09-12,20.868057210526228,1043402860.5263114,28090644.05796446
2017-09-13,20.143343013125527,1007167150.6562763,25658873.14570809
2017-09-14,15.095051413633024,754752570.6816512,23875599.00897546
2017-09-15,18.174860011247958,908743000.5623978,28489487.251639552
2017-09-16,20.133570931300532,1006678546.5650266,31022951.24243208
2017-09-17,19.267227712259395,963361385.6129698,9456299.555655416
2017-09-18,20.90182017153094,1045091008.576547,17038805.882855684
2017-09-19,20.162788094517136,1008139404.7258568,19418617.232576832
2017-09-20,19.617195740243524,980859787.0121763,8346769.60830891
2017-09-21,17.450426322020615,872521316.1010307,12094368.002689503
2017-09-22,18.79915384970857,939957692.4854286,13468632.312074533
2017-09-23,20.030833560777044,1001541678.0388522,9469555.448665498
2017-09-24,19.72639914844674,986319957.4223369,5915224.135625485
2017-09-25,25.436212725503424,1271810636.2751713,60294719.7182495
2017-09-26,26.20462496072365,1310231248.0361824,43780406.09877208
2017-09-27,31.41413814009156,1570706907.004578,121385146.26767315
2017-09-28,29.385282139307446,1469264106.9653723,66952803.54623813
2017-09-29,28.371200696519075,1418560034.8259537,43707513.929153286
2017-09-30,33.97626387014888,1698813193.507444,56417744.71291749
2017-10-01,35.47282851990529,1773641425.9952648,45964793.291424
2017-10-02,36.56901267548608,1828450633.774304,81015884.39341648
2017-10-03,33.56436010183745,1678218005.0918725,44485369.67735475
2017-10-04,31.219462714853776,1560973135.742689,36193703.23421317
2017-10-05,32.16203634159413,1608101817.0797064,41707237.21297891
2017-10-06,33.30845756444859,1665422878.2224293,25680963.558685854
2017-10-07,35.818112168537304,1790905608.426865,26765832.140655108
2017-10-08,31.952335552674423,1597616777.633721,69791683.36659333
2017-10-09,29.040765537231593,1452038276.8615797,66402545.36615107
2017-10-10,29.355057310602522,1467752865.530126,29278421.265082087
2017-10-11,30.049135575053988,1502456778.7526994,22063278.148966
2017-10-12,27.777901515373955,1388895075.7686977,38894378.752180144
2017-10-13,29.54207805809381,1477103902.9046905,58105491.35287326
2017-10-14,27.113955108740548,1355697755.4370275,18199699.15399006
2017-10-15,27.76162529753953,1388081264.8769765,18373298.295615755
2017-10-16,28.244246561688712,1412212328.0844357,20510471.629737444
2017-10-17,31.54808017618099,1577404008.8090494,51652970.669529475
2017-10-18,29.805982389057668,1490299119.4528832,31358492.15101753
2017-10-19,28.617955067881766,1430897753.3940883,18229182.636223648
2017-10-20,27.504189340753637,1375209467.0376818,21497671.97355464
2017-10-21,27.173318490543124,1358665924.5271564,21332463.041534718
2017-10-22,28.88431762407824,1444215881.203912,23605333.909530997
2017-10-23,27.715766094016885,1385788304.7008443,16326415.818856543
2017-10-24,30.2001545643033,1510007728.2151651,52466292.1327726
2017-10-25,28.388078423895443,1419403921.1947722,18851985.77769235
2017-10-26,28.097840542044363,1404892027.1022182,18015656.45612242
2017-10-27,29.13555473449751,1456777736.7248755,11803653.635448936
2017-10-28,27.3308826928873,1366544134.644365,9412082.82710316
2017-10-29,27.67982086184782,1799188356.0201082,12658687.408044921
2017-10-30,28.57034603383269,1857072492.1991248,25794216.46159453
2017-10-31,28.307422134710652,1839982438.7561922,49968281.540268205
2017-11-01,26.900747857605555,1748548610.7443612,40728874.7798957
2017-11-02,24.570183202524074,1597061908.1640646,64190781.063559406
2017-11-03,26.886480425220945,1747621227.6393616,36237055.63782177
2017-11-04,26.37693001127875,1714500450.7331185,27709189.48884527
2017-11-05,26.620141734090595,1730309212.7158885,23146448.80931086
2017-11-06,26.75562069153068,1739115344.9494941,24761268.507872768
2017-11-07,26.302607556372806,1709669491.1642323,37651776.99442386
2017-11-08,30.657540638248076,1992740141.486125,102671176.47611581
2017-11-09,32.01970086745382,2081280556.3844981,72632759.14633377
2017-11-10,28.393109733920923,1845552132.70486,48317882.823691405
2017-11-11,28.477821245802666,1851058380.9771733,30029568.59739881
2017-11-12,26.801199204297795,1742077948.2793567,52279328.408140264
2017-11-13,28.070570928690866,1824587110.3649063,26349409.161296118
2017-11-14,29.7120915633306,1931285951.61649,21014966.6314039
2017-11-15,29.62725099851,1925771314.90315,39909255.0653755
2017-11-16,28.6220000568545,1860430003.69554,34946547.2061459
2017-11-17,40.6479928565066,2642119535.67293,229939222.358468
2017-11-18,42.5542186876736,2766024214.69878,396098200.048775
2017-11-19,39.4711775975445,2565626543.8404,238663592.111792
2017-11-20,36.5990486412882,2378938161.68373,203912791.353193
2017-11-21,34.7601799896885,2259411699.32975,117907354.306574
2017-11-22,35.8687054647618,2331465855.20952,71638438.304196
2017-11-23,35.6097103400659,2314631172.10428,59062037.4889973
2017-11-24,35.1388087982536,2284022571.88648,58214316.2053766
2017-11-25,38.4505175193346,2499283638.75675,106932980.051062
2017-11-26,38.5691940581135,2506997613.77738,54409541.2009973
2017-11-27,40.4315728800907,2628052237.20589,69304690.5531792
2017-11-28,38.9073851089198,2528980032.07978,70410067.2962918
2017-11-29,32.5061197521549,2112897783.89007,112810706.911701
2017-11-30,33.6036638301346,2184238148.95875,66001048.1102393
2017-12-01,36.1729843270341,2351243981.25722,72049095.6887488
2017-12-02,35.7152065998724,2321488428.99171,38718981.4621304
2017-12-03,37.0412497150863,2407681231.48061,62703335.3258899
2017-12-04,42.3859699976025,2755088049.84416,134827087.027571
2017-12-05,40.1784235867262,2611597533.13721,63163489.4234824
2017-12-06,35.8702528972636,2331566438.32213,9639159.74760771
2017-12-07,37.3067452667492,2424938442.3387,87202368.0797933
2017-12-08,37.531680745478,2439559248.45607,109907269.796603
2017-12-09,36.2887762935711,2358770459.08212,78306363.6317524
2017-12-10,33.4466513799142,2174032339.69442,57221363.7377654
2017-12-11,36.2224740224385,2354460811.4585,62387909.7886412
2017-12-12,40.6933353677101,2645066798.90115,91471607.4645328
2017-12-13,44.7482510733043,2908636319.76478,256625843.573954
2017-12-14,51.8143893804451,3367935309.72893,237838588.964727
2017-12-15,48.9067357577744,3178937824.25534,204117097.600451
2017-12-16,50.3151946492927,3270487652.20402,158407260.639554
2017-12-17,70.1676850970059,4560899531.30538,473336314.157099
2017-12-18,78.1200673850572,5077804380.02872,420401726.079509
2017-12-19,72.7414323093628,4728193100.10858,272727479.27123
2017-12-20,77.5350179689408,5039776167.98115,315543535.121594
2017-12-21,73.8383936417618,4799495586.71451,223240415.356401
2017-12-22,56.6587012655487,3682815582.26066,287083169.114854
2017-12-23,62.7384740860818,4078000815.59532,110814347.451511
2017-12-24,61.5023680114027,3997653920.74118,158372070.299053
2017-12-25,67.4812834043542,4386283421.28302,139401686.770224
2017-12-26,68.802302288746,4472149648.76849,192856576.618659
2017-12-27,70.6866188989045,4594630228.42879,125106031.637531
2017-12-28,68.7503584729003,4468773300.73852,92361559.6733772
2017-12-29,76.7939936721167,4991609588.68759,124071935.035543
2017-12-30,77.3392166342513,5027049081.22634,166071041.152553
2017-12-31,80.8084570912343,5252549710.93023,143210478.949862
2018-01-01,82.9192972150453,5389754318.97795,123635723.298992
2018-01-02,92.729231800837,6027400067.05441,339701376.930264
2018-01-03,106.30560210013293,6909864136.50864,260649824.39210483
2018-01-04,103.55584416085705,6731129870.4557085,309155668.98065096
2018-01-05,101.88581782350397,6622578158.527759,267865694.19678202
2018-01-06,106.74258983986502,6938268339.591227,168171783.65962726
2018-01-07,106.07137046555629,6894639080.261159,165090714.2826974
2018-01-08,106.82823833326282,6943835491.662083,211676240.39635056
2018-01-09,135.0453684652203,8777948950.239319,534283527.03769857
2018-01-10,127.06429479607125,8259179161.744632,338579963.0166954
2018-01-11,113.2090689371411,7358589480.914171,252108966.17343867
2018-01-12,131.2747960249162,8532861741.619554,216645181.77171513
2018-01-13,148.7662283896541,9669804845.327517,441596566.3957407
2018-01-14,180.6163828835441,11740064887.430367,639058802.4883163
2018-01-15,198.38136805361725,12894788923.48512,1108544469.0057209
2018-01-16,148.0241211103145,9621567872.170443,1049616816.8481587
2018-01-17,144.4151131320144,9386982353.580936,934703411.1466533
2018-01-18,145.579121551712,9462642900.86128,455942508.4738595
2018-01-19,142.39031951973476,9255370768.78276,271854379.04955333
2018-01-20,155.1241905161142,10083072383.547422,290764508.6977606
2018-01-21,133.7954099076522,8696701643.997395,187107266.41878748
2018-01-22,124.955358714339,8122098316.432035,209892718.69368014
2018-01-23,122.2412676848246,7945682399.513599,165005503.8191106
2018-01-24,136.19759397589564,8852843608.433216,243228056.6519547
2018-01-25,138.51704332110356,9003607815.87173,169094040.11707124
2018-01-26,137.1750470582816,8916378058.788303,163635121.57172012
2018-01-27,139.88693047968272,9092650481.179377,103250508.51822083
2018-01-28,150.70042749849782,9795527787.402357,144569790.64448217
2018-01-29,165.29966840715298,10744478446.464943,335362510.74280155
2018-01-30 00:05:23 UTC,163.1931947147375,10607557656.457937,316095668.56921273
2018-01-31,141.72565723272223,9212167720.126945,332307487.12375146
2018-02-01,143.4939893729563,9327109309.242159,195934526.99846646
2018-02-02,124.74960798478845,8108724519.01125,239808682.79320508
2018-02-03,121.19958913021955,7877973293.464271,361166252.6461285
2018-02-04,121.1651532810286,7875734963.266859,147372243.2923901
2018-02-05,109.674153472978,7128819975.74357,133254444.2611805
2018-02-06,81.76430998868256,5314680149.264366,230269782.10804683
2018-02-07,106.72727728261498,6937273023.369974,511062993.0070138
2018-02-08 00:05:20 UTC,101.38941389530518,6590311903.194838,321949956.88478094
2018-02-09,109.0655698534615,7089262040.4749975,89601673.03024043
2018-02-10,114.39633533842323,7435761796.997509,126850365.7582007
2018-02-11,107.76532645876692,7004746219.81985,190589339.74253127
2018-02-12,103.2238031459294,6709547204.485411,153451320.3463882
2018-02-13,112.27495154950755,7297871850.717991,158620809.0623431
2018-02-14,108.41297727974569,7046843523.18347,91211642.83158423
2018-02-15,121.69556810248874,7910211926.661768,151170416.06764448
2018-02-16,121.75084263600895,7913804771.340582,143389438.3824415
2018-02-17,127.15401772444835,8265011152.089143,122545763.82846747
2018-02-18,135.9590744285902,8837339837.858364,157985094.3876562
2018-02-19,125.77769320827615,8175550058.53795,126438662.16278304
2018-02-20,135.80813745696173,8827528934.702513,129574778.55088934
2018-02-21,128.13276121698814,8328629479.104229,143308777.94967785
2018-02-22,112.81894080232084,7333231152.150854,128707114.9215159
2018-02-23,113.35814749092215,7368279586.90994,129993145.50901406
2018-02-24,121.03479614670253,7867261749.535665,126826441.111314
2018-02-25,115.86926651518951,7531502323.487318,95374674.30659695
2018-02-26,118.50234712428662,7702652563.0786295,67456467.78819975
2018-02-27,132.92021936771837,8639814258.901693,263940719.92229104
2018-02-28,141.42919535663506,9192897698.181278,296191969.68029714
2018-03-01,130.8628603531964,8506085922.957766,200900911.40825513
2018-03-02,128.21550522203918,8334007839.432547,217917920.7206096
2018-03-03,125.35838655214697,8148295125.889553,115940834.54043637
2018-03-04,121.57365933823628,7902287856.985358,95939616.98199385
2018-03-05,117.68724397631566,7649670858.460518,125467109.65383604
2018-03-06,112.1054976442349,7286857346.875269,152729084.67182127
2018-03-07,104.52238594861446,6793955086.65994,156666349.4761359
2018-03-08,100.6663356625043,6543311818.062779,232864253.7718397
2018-03-09,91.41250701529759,5941812955.994344,115312154.4261738
2018-03-10,92.82605307835031,6033693450.09277,168323777.62140727
2018-03-11,85.9482448036507,5586635912.237295,90050191.79295787
2018-03-12,90.00307829439936,5850200089.135958,85702530.1822089
2018-03-13,86.63714579748516,5631414476.836535,108695165.20949596
2018-03-14,83.6416895753456,5436709822.397464,103453151.36570102
2018-03-15,72.75505430469192,4729078529.8049755,147800750.99100956
2018-03-16,70.32882398917774,4571373559.296554,183098651.75902876
2018-03-17,69.87426880530217,4541827472.344641,116903883.02999403
2018-03-18,63.08164083184151,4100306654.0696983,97584328.42704591
2018-03-19,65.58082969121335,4262753929.9288683,283521570.9395615
2018-03-20,71.89628494540312,4673258521.451203,286624294.8721582
2018-03-21,75.43085391000011,4903005504.150007,266002861.50853547
2018-03-22,73.47023398821676,4775565209.23409,182758889.2077354
2018-03-23,69.64850664152729,4527152931.699274,152375956.950635
2018-03-24,68.80787749800585,4472512037.37038,146114129.26844826
2018-03-25,65.79979202958712,4276986481.923163,103992274.22286716
2018-03-26,65.58073260738409,4262747619.4799657,87234076.92564197
2018-03-27,59.91406858359294,3894414457.9335413,149299415.45368972
2018-03-28,55.854361085385385,3630533470.5500503,150487293.16662368
2018-03-29,57.1210840315945,3712870462.0536427,96956833.15174578
2018-03-30,52.12817250045257,3388331212.529417,124834819.02660216
2018-03-31,50.69988006738626,3295492204.380107,129236994.06678244
2018-04-01,50.351916535520154,3272874574.8088098,80336185.0721578
2018-04-02,47.59690851710901,3093799053.6120853,86362752.98383795
2018-04-03,49.04257255434297,3187767216.032293,74602160.68459286
2018-04-04,53.904508382210814,3503793044.8437033,100700203.77251801
2018-04-05,47.809355426427665,3107608102.717798,87106679.14262313
2018-04-06,47.599982091898404,3093998835.9733963,75664692.15144064
2018-04-07,45.16185666559439,2935520683.263635,57788964.56044913
2018-04-08,46.44054806118813,3018635623.9772286,60871068.99123394
2018-04-09,48.72032087567921,3166820856.9191484,56766857.11106889
2018-04-10,53.10088854609516,3451557755.496186,285617184.6662731
2018-04-11,52.693024860155276,3425046615.910093,105366527.6819142
2018-04-12,58.41212711278263,3796788262.3308706,197179943.6250909
2018-04-13,66.17536189922558,4301398523.449663,298304949.21751827
2018-04-14,61.955020303381254,4027076319.7197814,186781040.4562377
2018-04-15,63.21057167540444,4108687158.9012885,105000760.35734193
2018-04-16,69.88635836019256,4542613293.412517,144043959.17933628
2018-04-17,66.65714562754198,4332714465.790229,136783272.58209097
2018-04-18,65.58318302251165,4262906896.4632573,119639461.41455588
2018-04-19,72.55573718500281,4716122917.025183,166436968.21753773
2018-04-20,74.14659770384154,4819528850.749701,190442140.5241037
2018-04-21,76.82778508391046,4993806030.45418,182524191.06319392
2018-04-22,74.70499195935184,4855824477.35787,184207667.25274798
2018-04-23,73.66641327677533,4788316862.9903965,126608090.17810726
2018-04-24,76.01094477039778,4940711410.075856,139062516.69871655
2018-04-25,83.299365653412,5414458767.47178,227456572.47435194
2018-04-26,71.07649594799199,4619972236.619479,239298745.48653245
2018-04-27,76.92407129836644,5000064634.393819,155120754.4057242
2018-04-28,72.57821002631216,4717583651.710291,125098618.21339129
2018-04-29,76.02482905106051,4941613888.3189335,138325478.07741928
2018-04-30,90.29769473232002,5869350157.600801,512206963.8529069
2018-05-01,84.03650775384975,5462373004.000234,369978055.3693812
2018-05-02,84.01851987678069,5461203791.990745,178943612.38265073
2018-05-03,84.19694312491511,5472801303.119482,132951944.92309563
2018-05-04,87.74407958807139,5703365173.22464,87470793.2598954
2018-05-05,83.84269560662894,5449775214.430881,145026912.13521552
2018-05-06,83.98958821221906,5459323233.794239,120555772.04735366
2018-05-07,83.38716751504018,5420165888.477612,171358141.6360748
2018-05-08,79.00349082562437,5135226903.665584,149423858.66440213
2018-05-09,76.81216693402575,4992790850.711674,112873339.9821208
2018-05-10,75.83039931406344,4928975955.414124,109323960.17267874
2018-05-11,69.65991322812366,4527894359.828038,105258596.4370529
2018-05-12,63.59324089825528,4133560658.3865933,159091849.27309632
2018-05-13,64.82466240825055,4213603056.5362854,118522775.75735761
2018-05-14,67.65617913941855,4397651644.062206,96212581.1611029
2018-05-15,66.52048812207363,4323831727.934786,119102521.51317881
2018-05-16,63.158022247606645,4105271446.094432,94806223.26275589
2018-05-17,61.805053253203376,4017328461.4582195,94808254.68802048
2018-05-18,57.83583753844456,3759329439.998896,87845849.50426257
2018-05-19,59.50965944541036,3868127863.951673,87238870.52845529
2018-05-20,58.804721566489086,3822306901.8217907,72095544.5196619
2018-05-21,63.16524193314302,4105740725.654297,82052705.12058342
2018-05-22,62.301978841213405,4049628624.678871,113243589.02344862
2018-05-23,57.42140558070506,3732391362.745829,88004338.93169068
2018-05-24,52.554990816606754,3416074403.079439,100699413.40839073
2018-05-25,54.901088279253514,3568570738.1514783,89567785.40940733
